Date,Category,Net worth,Assets,Real estate,Consumer durables,Corporate equities and mutual fund shares,Pension entitlements,Private businesses,Other assets,Liabilities,Home mortgages,Consumer credit,Other liabilities
1989:Q3,age70plus,3864630,3967622,1004549,161313,462902,480041,340864,1517953,102991,41929,35382,25680
1989:Q3,age55to69,7254780,7682040,1901501,463677,739734,1734227,1011546,1831355,427260,291755,91143,44362
1989:Q3,age40to54,6619223,7858795,2472312,673059,631774,1683350,1141331,1256970,1239573,871207,300246,68120
1989:Q3,ageunder40,2668298,4048909,1512581,598301,217338,588156,475885,656648,1380611,1005799,357435,17377
1989:Q4,age70plus,4014102,4113135,1065156,172237,468723,489327,358174,1559517,99032,37572,36173,25287
1989:Q4,age55to69,7377990,7826043,1913610,467554,777776,1775511,1036435,1855156,448053,304747,97924,45382
1989:Q4,age40to54,6716358,7980112,2483316,674063,645972,1753096,1132293,1291372,1263754,892809,303167,67778
1989:Q4,ageunder40,2683287,4097528,1532234,611921,221080,596188,469928,666176,1414241,1024986,372021,17234
1990:Q1,age70plus,4034806,4132756,1062575,184177,433716,504089,365637,1582561,97951,38209,33928,25814
1990:Q1,age55to69,7431744,7902818,1947429,481362,739611,1801744,1053144,1879528,471075,323782,98884,48409
1990:Q1,age40to54,6743159,8030911,2492933,683791,609989,1789215,1140229,1314753,1287751,924817,294383,68551
1990:Q1,ageunder40,2681794,4112937,1545924,617798,211349,598150,468617,671099,1431142,1048105,365125,17912
1990:Q2,age70plus,4147660,4246006,1116105,193998,443430,521549,368244,1602680,98346,39826,33385,25135
1990:Q2,age55to69,7485376,7976322,1945566,483050,771010,1823630,1065545,1887521,490946,339048,102327,49571
1990:Q2,age40to54,6818107,8133217,2492260,685152,631622,1842220,1147558,1334405,1315110,953786,292798,68526
1990:Q2,ageunder40,2700593,4151375,1551836,630311,218491,612432,467708,670598,1450782,1062751,370201,17830
1990:Q3,age70plus,4115307,4207954,1101128,203386,356085,543636,373090,1630629,92647,36892,33294,22461
1990:Q3,age55to69,7471347,7977994,1983774,493435,640458,1856636,1074838,1928852,506646,351779,107153,47714
1990:Q3,age40to54,6759705,8098574,2507930,690906,529954,1847689,1156185,1365910,1338869,978813,293167,66889
1990:Q3,ageunder40,2657136,4132027,1565118,628518,189638,603502,467622,677629,1474891,1079253,378689,16949
1990:Q4,age70plus,4230974,4315182,1098265,209667,394466,541105,387833,1683846,84208,27534,33025,23649
1990:Q4,age55to69,7620738,8146127,1990164,499498,740775,1873003,1085045,1957642,525389,362183,112406,50800
1990:Q4,age40to54,6945983,8305631,2502583,698639,589635,1944442,1158740,1411592,1359647,999358,292934,67355
1990:Q4,ageunder40,2656989,4160277,1569441,631316,205221,611509,463047,679743,1503288,1100181,386027,17080
1991:Q1,age70plus,4381656,4454519,1136695,218714,453102,523969,405182,1716858,72864,19154,30345,23365
1991:Q1,age55to69,7750407,8287432,1990864,502064,884729,1879829,1090444,1939502,537026,371745,112512,52769
1991:Q1,age40to54,7176266,8548151,2501550,704753,675414,2069608,1146085,1450741,1371885,1020442,283481,67962
1991:Q1,ageunder40,2675029,4186577,1557011,642298,226442,622652,451574,686601,1511549,1117811,375868,17870
1991:Q2,age70plus,4403536,4475052,1153060,225923,440704,532361,408967,1714037,71516,19942,29207,22367
1991:Q2,age55to69,7761428,8315398,2003712,504471,884263,1907494,1094627,1920831,553970,385969,114741,53260
1991:Q2,age40to54,7214404,8614793,2509902,708390,672842,2124560,1139856,1459243,1400389,1052234,280536,67619
1991:Q2,ageunder40,2650187,4176252,1555276,644923,225519,629817,444339,676378,1526065,1131969,376823,17273
1991:Q3,age70plus,4419120,4497768,1135050,230482,466326,533228,410230,1722451,78648,26314,28259,24075
1991:Q3,age55to69,7869069,8433386,2032935,512056,957077,1931992,1091489,1907837,564317,390732,115604,57981
1991:Q3,age40to54,7362298,8787607,2530700,719414,719846,2207989,1135390,1474268,1425309,1075965,279060,70284
1991:Q3,ageunder40,2683996,4202399,1573077,641491,237151,641583,433973,675124,1518403,1120957,379577,17869
1991:Q4,age70plus,4551855,4637317,1158158,235163,551936,528692,420055,1743313,85462,30836,28066,26560
1991:Q4,age55to69,8077844,8662671,2055827,513062,1148294,1947987,1089575,1907926,584827,402275,119057,63495
1991:Q4,age40to54,7609095,9070885,2554569,725639,843196,2320057,1121228,1506197,1461791,1108304,280510,72977
1991:Q4,ageunder40,2692914,4225552,1571994,643526,266502,651101,418590,673839,1532638,1125941,387947,18750
1992:Q1,age70plus,4575983,4671498,1206694,244870,527950,552229,422375,1717380,95515,46674,25412,23429
1992:Q1,age55to69,8045104,8633127,2061999,511405,1133352,1972987,1083806,1869578,588023,409859,115679,62485
1992:Q1,age40to54,7651125,9140062,2577829,725881,829193,2377821,1124655,1504683,1488937,1141578,273035,74324
1992:Q1,ageunder40,2714471,4222463,1584860,649940,261466,651977,413224,660997,1507991,1109611,379227,19153
1992:Q2,age70plus,4607146,4712664,1234533,254562,518059,576802,422278,1706430,105518,57349,24162,24007
1992:Q2,age55to69,8030571,8627696,2059551,512501,1139770,2002706,1080350,1832818,597125,415502,115766,65857
1992:Q2,age40to54,7726814,9246211,2588470,730413,834801,2447265,1124410,1520852,1519398,1171091,271223,77084
1992:Q2,ageunder40,2739364,4237176,1594034,655604,261958,662062,406507,657011,1497813,1096752,381181,19880
1992:Q3,age70plus,4640926,4745162,1211438,258570,534729,595341,425995,1719089,104237,57323,23608,23306
1992:Q3,age55to69,8150378,8762790,2106833,520914,1200176,2035608,1077518,1821741,612413,426380,119333,66700
1992:Q3,age40to54,7913775,9466862,2633367,744050,874874,2537568,1130401,1546602,1553087,1203923,271549,77615
1992:Q3,ageunder40,2745575,4260421,1612349,648008,270030,672060,399701,658273,1514846,1107701,387443,19702
1992:Q4,age70plus,4813778,4922030,1220488,262627,627176,635713,441338,1734688,108252,62575,23472,22205
1992:Q4,age55to69,8349105,8970350,2119230,527045,1340031,2084043,1079599,1820402,621245,432757,119728,68760
1992:Q4,age40to54,8118515,9713660,2675480,752293,997212,2600601,1126544,1561530,1595145,1233780,283425,77940
1992:Q4,ageunder40,2768724,4297925,1624757,651291,288289,685877,380989,666722,1529201,1111241,398144,19816
1993:Q1,age70plus,4969123,5081095,1316406,271838,664067,660924,452735,1715125,111972,67990,20484,23498
1993:Q1,age55to69,8381140,9000526,2063685,518034,1372356,2130386,1083117,1832948,619385,431724,113716,73945
1993:Q1,age40to54,8229521,9848654,2669966,744530,1050218,2650308,1160569,1573064,1619133,1254437,284549,80147
1993:Q1,ageunder40,2784597,4293613,1597894,671998,290401,703315,377779,652226,1509016,1100037,388514,20465
1993:Q2,age70plus,5037447,5150842,1316246,278411,687035,689918,468800,1710432,113395,71338,19521,22536
1993:Q2,age55to69,8451167,9079605,2088676,527894,1383310,2167663,1090833,1821229,628438,439796,112944,75698
1993:Q2,age40to54,8348876,10009602,2723642,755825,1085616,2685753,1174296,1584469,1660726,1287319,293345,80062
1993:Q2,ageunder40,2782986,4305332,1609929,674122,287992,711413,366606,655271,1522346,1109374,392853,20119
1993:Q3,age70plus,5122714,5236531,1302678,283187,733764,720850,485020,1711032,113816,68766,19444,25606
1993:Q3,age55to69,8568512,9212535,2118502,538729,1432969,2205303,1099514,1817518,644023,447304,114629,82090
1993:Q3,age40to54,8523640,10228334,2780791,769933,1152749,2728033,1195022,1601807,1704694,1317605,305534,81555
1993:Q3,ageunder40,2784903,4332611,1626073,674031,292708,723405,358422,657973,1547708,1124342,403061,20305
1993:Q4,age70plus,5272374,5391814,1327051,292574,782168,748161,504688,1737172,119439,71596,20632,27211
1993:Q4,age55to69,8673965,9331034,2128612,546506,1487997,2228345,1109814,1829760,657069,452318,117867,86884
1993:Q4,age40to54,8693578,10447839,2828851,780366,1222426,2768910,1218030,1629257,1754261,1347226,324033,83002
1993:Q4,ageunder40,2782640,4354635,1634637,682633,297360,730476,349636,659893,1571996,1128039,423637,20320
1994:Q1,age70plus,5373530,5488333,1397309,304029,750608,787183,517695,1731510,114803,69287,18701,26815
1994:Q1,age55to69,8690217,9350462,2105223,545715,1402344,2264889,1120361,1911929,660244,455193,115474,89577
1994:Q1,age40to54,8737965,10522722,2851872,779156,1189672,2771536,1261802,1668684,1784757,1371960,329159,83638
1994:Q1,ageunder40,2758585,4332747,1622432,697136,280964,734615,348459,649141,1574162,1133030,420542,20590
1994:Q2,age70plus,5435177,5555749,1420465,312955,740962,828074,522644,1730649,120571,75124,19216,26231
1994:Q2,age55to69,8710899,9381190,2112477,552975,1344774,2305203,1131291,1934470,670291,460856,117125,92310
1994:Q2,age40to54,8808008,10643048,2897024,788910,1186619,2774615,1307964,1687917,1835040,1404346,345662,85032
1994:Q2,ageunder40,2759752,4351696,1631050,704708,271849,750493,349182,644414,1591944,1134297,436577,21070
1994:Q3,age70plus,5501091,5625341,1401965,318551,764711,865212,534041,1740860,124251,79285,20190,24776
1994:Q3,age55to69,8814242,9494895,2138041,565012,1350625,2341485,1138431,1961301,680653,466947,119871,93835
1994:Q3,age40to54,8961721,10848111,2950422,806439,1226759,2810900,1334351,1719240,1886390,1436763,364199,85428
1994:Q3,ageunder40,2769791,4384552,1647529,706496,271122,768312,344277,646816,1614761,1138054,455693,21014
1994:Q4,age70plus,5573924,5709544,1405391,324794,763342,905892,541340,1768786,135621,85707,22510,27404
1994:Q4,age55to69,8875258,9572648,2143093,572226,1312290,2356570,1147807,2040662,697390,472594,124710,100086
1994:Q4,age40to54,9037215,10984403,2988015,816753,1234170,2801746,1374977,1768741,1947188,1469455,389036,88697
1994:Q4,ageunder40,2751909,4396779,1660100,710390,264109,776053,342712,643414,1644870,1138183,484911,21776
1995:Q1,age70plus,5693515,5825634,1421743,331292,824265,933386,550884,1764063,132119,86337,20808,24974
1995:Q1,age55to69,9002910,9700867,2147284,579826,1376732,2397607,1153789,2045629,697957,474652,122568,100737
1995:Q1,age40to54,9275521,11255198,3021809,830585,1324859,2863572,1407399,1806974,1979677,1494042,396567,89068
1995:Q1,ageunder40,2787647,4431030,1655170,718996,273159,802907,337727,643071,1643382,1136895,484602,21885
1995:Q2,age70plus,5776648,5906860,1378420,329521,889024,962130,570394,1777372,130212,83755,21616,24841
1995:Q2,age55to69,9188425,9900035,2201545,590878,1456138,2439346,1167419,2044709,711610,481698,126002,103910
1995:Q2,age40to54,9529628,11558610,3088714,850145,1419724,2944998,1422139,1832890,2028981,1524380,414155,90446
1995:Q2,ageunder40,2785010,4457271,1653603,713775,282154,826116,325052,656571,1672261,1148470,501354,22437
1995:Q3,age70plus,5894697,6033509,1364452,329067,967273,988446,596458,1787813,138812,87809,22894,28109
1995:Q3,age55to69,9414489,10144363,2243779,598768,1560148,2487393,1188730,2065546,729874,489575,129526,110773
1995:Q3,age40to54,9789739,11876873,3150985,864902,1532510,3032853,1437922,1857700,2087134,1558284,434715,94135
1995:Q3,ageunder40,2767581,4467396,1653921,712251,293999,847222,312426,647577,1699815,1154103,522464,23248
1995:Q4,age70plus,6036672,6173794,1398703,329871,1035018,994429,591030,1824742,137122,82759,26415,27948
1995:Q4,age55to69,9679972,10431415,2262425,609472,1696602,2556798,1197435,2108683,751443,500772,142658,108013
1995:Q4,age40to54,10023808,12146235,3177100,878500,1635683,3094423,1459924,1900606,2122427,1571532,451665,99230
1995:Q4,ageunder40,2809309,4547054,1654638,711411,324936,867974,338342,649753,1737745,1164863,547422,25460
1996:Q1,age70plus,6142151,6282556,1449800,333983,1067682,1000281,587771,1843039,140404,78320,25422,36662
1996:Q1,age55to69,9889167,10668558,2282244,621506,1782918,2621732,1207838,2152321,779391,518410,148145,112836
1996:Q1,age40to54,10196587,12341350,3206894,892257,1691884,3155326,1460623,1934366,2144763,1594328,448780,101655
1996:Q1,ageunder40,2873089,4624133,1653810,714678,346579,885363,357911,665792,1751044,1187248,539860,23936
1996:Q2,age70plus,6177214,6324372,1459116,331124,1098047,1008504,573883,1853697,147158,82130,27143,37885
1996:Q2,age55to69,10084755,10887997,2313220,633523,1860281,2679959,1204133,2196881,803242,534284,157388,111570
1996:Q2,age40to54,10311451,12496003,3242076,906603,1745874,3195013,1461042,1945395,2184552,1617889,458940,107723
1996:Q2,ageunder40,2921360,4698020,1677136,707580,367632,901735,379146,664791,1776660,1197359,553109,26192
1996:Q3,age70plus,6196199,6350635,1482481,332288,1090042,1018908,561697,1865219,154436,86930,28768,38738
1996:Q3,age55to69,10228349,11055266,2342002,647128,1877122,2751365,1211380,2226269,826917,550962,166465,109490
1996:Q3,age40to54,10371510,12595431,3275757,921041,1747959,3230137,1473173,1947364,2223920,1643154,468859,111907
1996:Q3,ageunder40,2985188,4785998,1693513,704762,378322,918276,401634,689491,1800810,1207793,565755,27262
1996:Q4,age70plus,6329700,6490369,1556572,333547,1132186,1025119,551263,1891682,160669,87327,31148,42194
1996:Q4,age55to69,10476382,11329447,2347647,654705,1972681,2845478,1216884,2292052,853065,566527,177414,109124
1996:Q4,age40to54,10578192,12838012,3291817,930172,1818790,3319731,1512174,1965327,2259820,1664413,481990,113417
1996:Q4,ageunder40,3061599,4890702,1689063,709569,401805,951478,435296,703492,1829103,1219864,583327,25912
1997:Q1,age70plus,6339315,6504096,1602846,337075,1130239,1031606,564324,1838006,164781,90336,29091,45354
1997:Q1,age55to69,10587268,11457162,2365939,666986,1997785,2899062,1255187,2272203,869895,580293,179352,110250
1997:Q1,age40to54,10636891,12918339,3313396,941780,1829617,3340780,1549335,1943431,2281448,1684270,475813,121365
1997:Q1,ageunder40,3158222,4982677,1684980,711260,413239,963907,479451,729840,1824456,1225574,569919,28963
1997:Q2,age70plus,6554464,6727440,1616317,325350,1310230,1057405,552958,1865180,172976,93254,30038,49684
1997:Q2,age55to69,11037157,11932780,2409350,676662,2308346,2989391,1272329,2276702,895624,596051,187274,112299
1997:Q2,age40to54,11117637,13436381,3360135,961907,2092322,3495041,1563958,1963018,2318744,1707563,483095,128086
1997:Q2,ageunder40,3287730,5131368,1703274,703121,473953,1020631,501718,728671,1843638,1235056,577631,30951
1997:Q3,age70plus,6703349,6889576,1629047,321397,1410371,1083258,553610,1891893,186227,98773,31258,56196
1997:Q3,age55to69,11425094,12354057,2456637,690508,2497603,3098202,1298455,2312652,928963,618693,196053,114217
1997:Q3,age40to54,11448813,13812290,3408627,980822,2245935,3599852,1584179,1992875,2363478,1744044,491599,127835
1997:Q3,ageunder40,3369758,5239375,1708171,697332,512515,1057657,529284,734416,1869617,1255497,586895,27225
1997:Q4,age70plus,6853202,7052699,1721485,326531,1430636,1084278,560696,1929073,199497,108822,33098,57577
1997:Q4,age55to69,11609917,12558902,2468064,699054,2561361,3133569,1333248,2363606,948985,629996,204774,114215
1997:Q4,age40to54,11572628,13980264,3437365,987946,2291403,3623023,1622370,2018158,2407637,1765702,504266,137669
1997:Q4,ageunder40,3442570,5325846,1702992,704497,529476,1066795,563689,758397,1883276,1249717,602028,31531
1998:Q1,age70plus,7146688,7357306,1758006,318483,1635397,1118617,574503,1952300,210618,118957,30988,60673
1998:Q1,age55to69,12193201,13158969,2520211,710335,2916473,3234463,1378027,2399460,965768,644934,205677,115157
1998:Q1,age40to54,12196635,14634344,3506184,1010490,2592390,3797944,1657797,2069539,2437708,1794453,498684,144571
1998:Q1,ageunder40,3614413,5487581,1725299,700828,595562,1123577,596753,745561,1873168,1251147,588694,33327
1998:Q2,age70plus,7256312,7476451,1816498,319248,1658636,1134637,564319,1983113,220139,121343,33267,65529
1998:Q2,age55to69,12448994,13448095,2567855,723190,2983945,3299476,1392919,2480710,999101,665993,216765,116343
1998:Q2,age40to54,12377531,14868104,3584834,1025935,2646316,3846326,1648478,2116215,2490573,1829682,512751,148140
1998:Q2,ageunder40,3671114,5579957,1773476,699381,613181,1141590,608161,744168,1908843,1271119,604961,32763
1998:Q3,age70plus,6995536,7222042,1783224,323973,1439526,1123058,568079,1984182,226506,126628,34786,65092
1998:Q3,age55to69,12427132,13451587,2662083,746657,2664509,3342443,1420767,2615128,1024455,685788,225881,112786
1998:Q3,age40to54,12104697,14646821,3697305,1043723,2362206,3729325,1671203,2143060,2542125,1866183,523944,151998
1998:Q3,ageunder40,3651805,5588017,1826646,682417,563749,1106754,633747,774705,1936212,1286241,616107,33864
1998:Q4,age70plus,7585121,7812469,1891791,320763,1751248,1160965,601869,2085833,227349,126026,37045,64278
1998:Q4,age55to69,12890797,13936608,2693423,743270,3124211,3382453,1459600,2533650,1045811,700318,229085,116408
1998:Q4,age40to54,12950396,15560691,3789872,1070032,2761071,4086072,1667181,2186462,2610295,1912894,543410,153991
1998:Q4,ageunder40,3756436,5741883,1838240,699733,647708,1161302,604412,790488,1985447,1318205,631732,35510
1999:Q1,age70plus,7620864,7847134,1902886,319073,1762352,1175426,608259,2079138,226269,122933,36631,66705
1999:Q1,age55to69,12943943,14003379,2760834,747926,3090277,3396702,1477911,2529729,1059437,712135,226629,120673
1999:Q1,age40to54,13208613,15866962,3902424,1095256,2743791,4229873,1664582,2231036,2658350,1954621,550658,153071
1999:Q1,ageunder40,3722181,5731203,1856041,699052,651128,1168503,576656,779823,2009022,1346987,628480,33555
1999:Q2,age70plus,7887621,8120997,1974116,323166,1939506,1200192,622986,2061031,233376,119929,38141,75306
1999:Q2,age55to69,13209114,14297973,2812301,751433,3321201,3425493,1517862,2469683,1088858,727556,228339,132963
1999:Q2,age40to54,13683537,16411144,4015079,1120197,2959635,4422112,1673365,2220756,2727607,2003331,566987,157289
1999:Q2,ageunder40,3725075,5779395,1872112,710073,698723,1186021,545380,767085,2054319,1382383,638114,33822
1999:Q3,age70plus,7851027,8091948,1984772,334849,1857601,1199983,650080,2064663,240921,124167,40410,76344
1999:Q3,age55to69,13205183,14318078,2900360,763973,3141364,3453950,1582514,2475917,1112895,746272,231055,135568
1999:Q3,age40to54,13703204,16508296,4161256,1141884,2818142,4407553,1737792,2241668,2805092,2063132,587356,154604
1999:Q3,ageunder40,3662494,5764320,1908319,710026,677228,1152095,538678,777974,2101825,1417653,653075,31097
1999:Q4,age70plus,8501542,8773853,2057440,331578,2273178,1254288,673389,2183981,272311,138856,42745,90710
1999:Q4,age55to69,13848784,14990391,2950891,765295,3736915,3504669,1629249,2403372,1141607,755488,231833,154286
1999:Q4,age40to54,14688490,17575782,4276508,1173420,3366271,4716908,1767907,2274768,2887292,2114309,609291,163692
1999:Q4,ageunder40,3891613,6018501,1931111,720828,787727,1205540,522983,850312,2126889,1425822,669753,31314
2000:Q1,age70plus,8672093,8979580,2116943,340030,2420828,1296422,674350,2131007,307487,155276,42132,110079
2000:Q1,age55to69,14258274,15424157,3051893,776701,3911487,3567994,1648624,2467459,1165883,760004,226039,179840
2000:Q1,age40to54,15242680,18196907,4460135,1203182,3543782,4848056,1786978,2354774,2954227,2158252,618172,177803
2000:Q1,ageunder40,3976148,6099747,1992822,728015,826830,1214961,503479,833641,2123600,1423199,667423,32978
2000:Q2,age70plus,8608018,8919838,2193250,353888,2299046,1311755,678210,2083690,311821,162984,45018,103819
2000:Q2,age55to69,14165241,15346588,3148245,788520,3676607,3592528,1677457,2463232,1181347,777399,228944,175004
2000:Q2,age40to54,15221397,18253237,4643741,1225816,3350405,4867918,1807313,2358045,3031840,2217365,641732,172743
2000:Q2,ageunder40,3927544,6095743,2062614,736489,796039,1195199,485322,820081,2168199,1451357,686076,30766
2000:Q3,age70plus,8743620,9068841,2209550,359147,2304888,1336600,724966,2133690,325221,171745,49227,104249
2000:Q3,age55to69,14361663,15568263,3269268,801492,3650934,3641155,1749967,2455446,1206600,795137,233991,177472
2000:Q3,age40to54,15535847,18654305,4834665,1252924,3332607,4952857,1893270,2387982,3118458,2276519,671035,170904
2000:Q3,ageunder40,3949995,6170044,2125107,734621,797010,1182682,497404,833220,2220050,1478410,712819,28821
2000:Q4,age70plus,8729164,9046588,2324295,379189,2023218,1331464,753552,2234870,317424,171449,54195,91780
2000:Q4,age55to69,14196314,15415730,3348720,811504,3195398,3658343,1803656,2598108,1219415,811377,241222,166816
2000:Q4,age40to54,15318737,18510072,4997350,1263476,2916785,4908187,1941043,2483231,3191336,2324662,702720,163954
2000:Q4,ageunder40,3852258,6132386,2181618,747587,719984,1132937,490072,860188,2280128,1509296,743129,27703
2001:Q1,age70plus,8743207,9045923,2468695,398107,1804290,1311180,783077,2280574,302716,172496,54263,75957
2001:Q1,age55to69,14156347,15372240,3499417,823012,2852913,3657851,1845581,2693467,1215893,825864,239344,150685
2001:Q1,age40to54,15291867,18523057,5277979,1270978,2587695,4834306,1963496,2588603,3231190,2368212,712721,150257
2001:Q1,ageunder40,3843686,6145536,2326882,754637,655462,1058353,469344,880858,2301849,1534788,743396,23665
2001:Q2,age70plus,9040991,9336234,2521284,397614,1969863,1334125,816319,2297030,295243,162765,56285,76193
2001:Q2,age55to69,14548655,15806066,3607260,830759,3100860,3691904,1891663,2683620,1257411,860153,244741,152517
2001:Q2,age40to54,15830074,19139009,5437786,1293403,2790055,5037702,1969326,2610736,3308935,2434988,729276,144671
2001:Q2,ageunder40,3815294,6195414,2370298,757003,698917,1058863,444732,865601,2380120,1604294,753947,21879
2001:Q3,age70plus,8827029,9168442,2546971,411233,1650694,1321474,848347,2389723,341413,182852,58018,100543
2001:Q3,age55to69,14351689,15666764,3732785,845705,2605991,3715593,1941951,2824738,1315074,887073,244685,183316
2001:Q3,age40to54,15395910,18809140,5602213,1300316,2321826,4926725,1973451,2684610,3413230,2506876,746166,160188
2001:Q3,ageunder40,3656828,6079746,2421329,754059,604364,982411,426163,891420,2422919,1633700,765482,23737
2001:Q4,age70plus,9329668,9621922,2612755,427040,1858575,1363381,854940,2505231,292254,143994,68707,79553
2001:Q4,age55to69,14801937,16141232,3844741,861369,2966195,3812688,1938973,2717266,1339295,914365,266580,158350
2001:Q4,age40to54,15927468,19383721,5717749,1313813,2638031,5072639,1968666,2672823,3456253,2555323,765247,135683
2001:Q4,ageunder40,3713867,6235906,2480071,762038,651820,992414,431717,917846,2522039,1711254,791293,19492
2002:Q1,age70plus,9476565,9794957,2698586,445870,1854966,1410194,854836,2530506,318392,167222,73051,78119
2002:Q1,age55to69,15127702,16490404,3962504,874031,2991194,3968054,1941918,2752703,1362703,935840,268152,158711
2002:Q1,age40to54,16022091,19549400,5834577,1311215,2659301,5080196,1977879,2686232,3527309,2634685,759210,133414
2002:Q1,ageunder40,3761703,6288594,2540603,767156,639194,985597,448804,907241,2526891,1724661,783102,19128
2002:Q2,age70plus,9323486,9658504,2779473,477747,1659181,1424986,857298,2459818,335018,184871,80619,69528
2002:Q2,age55to69,15256356,16652543,4084526,892792,2716248,4082531,1954984,2921461,1396186,968477,277576,150133
2002:Q2,age40to54,15606570,19220268,5938145,1298941,2410768,4865847,1996802,2709764,3613699,2724782,765918,122999
2002:Q2,ageunder40,3600534,6171945,2583263,773492,573833,920823,468958,851575,2571410,1761000,793531,16879
2002:Q3,age70plus,9131470,9469183,2779396,505856,1330414,1442468,862018,2549032,337713,184851,87860,65002
2002:Q3,age55to69,15117879,16564392,4258522,920058,2224881,4205892,1972403,2982637,1446513,1009842,290426,146245
2002:Q3,age40to54,15002750,18701012,6073297,1295605,1970130,4625033,2021868,2715080,3698262,2813257,770875,114130
2002:Q3,ageunder40,3449335,6092906,2637955,769250,470697,849661,491851,873493,2643571,1825672,802447,15452
2002:Q4,age70plus,9455910,9805018,2794747,515976,1403973,1490689,889271,2710361,349108,188144,95975,64989
2002:Q4,age55to69,15608315,17113538,4424698,939949,2380122,4344618,2023183,3000968,1505222,1052505,304713,148004
2002:Q4,age40to54,15093156,18882891,6196723,1303907,2096539,4691620,1835915,2758187,3789736,2902568,779423,107745
2002:Q4,ageunder40,3436065,6155510,2704811,766373,481650,855689,461422,885565,2719445,1887910,816897,14638
2003:Q1,age70plus,9510755,9869585,2893770,535268,1307121,1512725,908302,2712399,358831,186902,99710,72219
2003:Q1,age55to69,15809363,17370252,4553775,952409,2255511,4492933,2059193,3056430,1560889,1091904,311684,157301
2003:Q1,age40to54,14989490,18845624,6289358,1290666,1980501,4629660,1899758,2755681,3856134,2980042,770183,105909
2003:Q1,ageunder40,3444983,6213392,2763548,771250,445095,835355,501604,896541,2768409,1946484,807547,14378
2003:Q2,age70plus,9892329,10305930,2954261,544370,1544362,1564469,912902,2785566,413600,199396,106624,107580
2003:Q2,age55to69,16573538,18245899,4710562,969387,2681816,4669627,2082944,3131563,1672361,1149037,324584,198740
2003:Q2,age40to54,15564486,19552244,6399589,1297541,2342187,4769320,1950466,2793141,3987758,3093092,774158,120508
2003:Q2,ageunder40,3545455,6400851,2834865,774796,498771,871244,529865,891311,2855396,2021974,816565,16857
2003:Q3,age70plus,10018748,10459167,2961491,558245,1626071,1591864,918123,2803372,440418,227840,114380,98198
2003:Q3,age55to69,17085965,18814070,4905475,995176,2861572,4814887,2106065,3130895,1728105,1200956,335859,191290
2003:Q3,age40to54,15750751,19848287,6534105,1305574,2483802,4769211,2008105,2747490,4097536,3205690,780382,111464
2003:Q3,ageunder40,3587292,6505451,2911020,771876,508072,865359,559506,889618,2918158,2073377,829053,15728
2003:Q4,age70plus,10490425,10930913,3002773,568214,1823260,1646136,917045,2973485,440489,225078,121799,93612
2003:Q4,age55to69,17862995,19657140,5111352,1018103,3236342,4995408,2118710,3177226,1794145,1251381,351737,191027
2003:Q4,age40to54,16322184,20512476,6678493,1317453,2790544,4890081,2043835,2792070,4190292,3292178,787241,110873
2003:Q4,ageunder40,3645488,6653351,2955925,773895,544114,896696,585504,897217,3007863,2146237,842155,19471
2004:Q1,age70plus,11060324,11520267,3111919,590087,1912347,1703426,935422,3267066,459943,233161,125487,101295
2004:Q1,age55to69,19000515,20853436,5335414,1044309,3437563,5193950,2155196,3687003,1852922,1292761,357911,202250
2004:Q1,age40to54,16863947,21123230,6886193,1322053,2947088,4889536,2112695,2965665,4259283,3370221,778753,110309
2004:Q1,ageunder40,3803778,6851292,3110085,781309,551576,895381,630289,882652,3047514,2193557,834321,19636
2004:Q2,age70plus,11065517,11561157,3124339,604631,1867867,1752698,967129,3244492,495639,255418,131092,109129
2004:Q2,age55to69,19417032,21353041,5601163,1076841,3417981,5376010,2228960,3652086,1936008,1354615,367918,213475
2004:Q2,age40to54,17041410,21418704,7099829,1336348,2919237,4879617,2254940,2928733,4377294,3489215,778324,109755
2004:Q2,ageunder40,3872674,6990507,3223143,777291,527078,891188,691615,880192,3117833,2260992,837205,19636
2004:Q3,age70plus,11334211,11840850,3268193,623659,1851225,1808323,998204,3291246,506640,263933,138934,103773
2004:Q3,age55to69,20070899,22078407,5856110,1094605,3438013,5589079,2316104,3784497,2007508,1413818,384372,209318
2004:Q3,age40to54,17280828,21760364,7332448,1327653,2934858,4812432,2406251,2946721,4479535,3594134,788126,97275
2004:Q3,ageunder40,3904028,7107832,3316325,781920,509237,880286,756810,863253,3203804,2333519,853444,16841
2004:Q4,age70plus,11808164,12349482,3353647,616568,2025490,1861630,1029189,3462959,541318,277509,137822,125987
2004:Q4,age55to69,20868907,23005410,6091281,1126888,3755672,5757572,2414019,3859978,2136503,1502021,401919,232563
2004:Q4,age40to54,17962605,22542602,7549878,1353616,3134159,5026265,2484093,2994590,4579997,3669772,803888,106337
2004:Q4,ageunder40,4164838,7468833,3485890,801099,547006,934286,772225,928327,3303995,2409848,876491,17656
2005:Q1,age70plus,11863132,12367062,3473026,617288,2035818,1859660,1049153,3332116,503929,245161,129423,129345
2005:Q1,age55to69,21317835,23559395,6304810,1154439,3795522,5840129,2491411,3973084,2241560,1596346,413381,231833
2005:Q1,age40to54,18216607,22827158,7748188,1361769,3104300,5052404,2514067,3046431,4610552,3718627,796276,95649
2005:Q1,ageunder40,4200280,7610148,3631840,821588,548131,932398,771564,904626,3409868,2528885,865895,15088
2005:Q2,age70plus,12211715,12724490,3649384,620704,2108341,1878610,1090422,3377029,512776,252898,125667,134211
2005:Q2,age55to69,21937520,24298094,6508529,1178297,3944982,5964316,2622065,4079905,2360574,1698283,427768,234523
2005:Q2,age40to54,18620442,23322886,7945251,1368069,3161159,5151520,2597090,3099797,4702443,3804687,803372,94384
2005:Q2,ageunder40,4284298,7798754,3742216,851224,562910,950010,781780,910614,3514456,2623830,875582,15044
2005:Q3,age70plus,12433519,12952960,3743170,608564,2234188,1899953,1133503,3333582,519441,261299,123396,134746
2005:Q3,age55to69,22572268,25053736,6777741,1203467,4187312,6083787,2763020,4038408,2481468,1803435,445363,232670
2005:Q3,age40to54,19158119,23958272,8201184,1382659,3290098,5279155,2694227,3110949,4800153,3893544,816579,90030
2005:Q3,ageunder40,4423660,8051069,3894666,863219,589189,976524,794974,932497,3627409,2719713,893047,14649
2005:Q4,age70plus,12704091,13223733,3821685,599647,2279315,1921329,1173393,3428364,519642,269059,120947,129636
2005:Q4,age55to69,23185212,25772010,7023166,1231353,4287812,6209984,2889238,4130456,2586798,1900937,461791,224070
2005:Q4,age40to54,19618344,24500280,8426890,1398543,3308698,5386601,2764804,3214744,4881936,3968997,828904,84035
2005:Q4,ageunder40,4561590,8286317,4043750,876682,597816,998103,806079,963887,3724727,2801404,908913,14410
2006:Q1,age70plus,12970690,13523196,3889644,597770,2575577,1930314,1198788,3331102,552506,294021,116810,141675
2006:Q1,age55to69,24091681,26805534,7095081,1251915,4837544,6311360,2965182,4344452,2713853,2004081,472597,237175
2006:Q1,age40to54,20113651,25104334,8421889,1406122,3662696,5528748,2768832,3316047,4990683,4065450,833750,91483
2006:Q1,ageunder40,4532954,8339680,4006465,905049,659412,1024765,804683,939305,3806726,2875989,914428,16309
2006:Q2,age70plus,12822317,13382734,3908069,591709,2498784,1915354,1233366,3235452,560417,300942,112089,147386
2006:Q2,age55to69,24306455,27147295,7256079,1280536,4727644,6380340,3058319,4444377,2840840,2115532,483804,241504
2006:Q2,age40to54,20126669,25212152,8528606,1419169,3516959,5573481,2797522,3376415,5085483,4156574,837380,91529
2006:Q2,ageunder40,4492102,8399249,4085721,917928,641545,1022974,810993,920088,3907148,2973601,916338,17209
2006:Q3,age70plus,13017411,13587262,3897528,578693,2590334,1923294,1273057,3324356,569851,300960,111710,157181
2006:Q3,age55to69,24733823,27699158,7401151,1308758,4917098,6459152,3167744,4445255,2965335,2212656,501256,251423
2006:Q3,age40to54,20502070,25675885,8607698,1441386,3594387,5735657,2861746,3435011,5173815,4220221,859047,94547
2006:Q3,ageunder40,4556789,8567478,4142416,929611,658855,1052104,823524,960969,4010689,3052826,939429,18434
2006:Q4,age70plus,13324801,13915173,3912849,566584,2804918,1944558,1302970,3383294,590371,305033,110197,175141
2006:Q4,age55to69,25231248,28308637,7486275,1328913,5332952,6565057,3260271,4335169,3077388,2286436,515443,275509
2006:Q4,age40to54,20989404,26228874,8618924,1455648,3832158,5938904,2889895,3493345,5239470,4254966,874632,109872
2006:Q4,ageunder40,4622770,8696210,4130955,947363,700996,1088756,819960,1008180,4073440,3093815,956444,23181
2007:Q1,age70plus,13468529,14071418,3923727,565745,2958474,1949150,1332319,3342004,602889,326871,104751,171267
2007:Q1,age55to69,25944623,29094415,7462689,1347012,5640640,6657946,3317960,4668168,3149792,2367653,515665,266474
2007:Q1,age40to54,21234914,26527749,8499717,1458138,3986350,6042815,2878080,3662648,5292835,4315990,872343,104502
2007:Q1,ageunder40,4527677,8628026,4031370,973668,729540,1096392,819384,977672,4100349,3131932,947413,21004
2007:Q2,age70plus,13526673,14156127,3914186,556754,3050664,1974018,1365445,3295061,629454,335201,102613,191640
2007:Q2,age55to69,26243883,29516134,7469361,1367203,5835015,6769101,3377434,4698020,3272250,2451796,529240,291214
2007:Q2,age40to54,21387117,26754800,8422808,1472572,4056993,6253807,2855140,3693480,5367683,4367598,884672,115413
2007:Q2,ageunder40,4482307,8647956,3986165,994786,744792,1132887,818299,971027,4165649,3182699,960440,22510
2007:Q3,age70plus,13768101,14388416,3868580,547392,3088434,1983447,1398442,3502121,620315,332262,104149,183904
2007:Q3,age55to69,26670862,30036530,7454431,1387738,5930960,6855792,3431454,4976155,3365668,2536972,548538,280158
2007:Q3,age40to54,21555442,26989196,8321101,1483164,4054114,6389886,2824199,3916733,5433754,4408599,912830,112325
2007:Q3,ageunder40,4395590,8652137,3960782,1009064,748215,1145114,813557,975405,4256546,3241615,990035,24896
2007:Q4,age70plus,13831376,14480386,3870502,571404,2938688,1989974,1410207,3699611,649010,351688,108183,189139
2007:Q4,age55to69,26568576,30000901,7408690,1401826,5645033,6948885,3417362,5179104,3432325,2578483,557568,296274
2007:Q4,age40to54,21156630,26690410,8204919,1490264,3839566,6337716,2779340,4038604,5533781,4472177,935347,126257
2007:Q4,ageunder40,4218719,8476149,3807572,1010447,700022,1138334,790686,1029088,4257431,3222635,1008379,26417
2008:Q1,age70plus,13378254,14055657,3761199,598438,2709705,1959876,1391619,3634820,677403,369807,108507,199089
2008:Q1,age55to69,26512441,29994041,7304445,1423148,5226826,6976342,3336200,5727080,3481600,2610916,552531,318153
2008:Q1,age40to54,20338138,25944114,7983590,1497912,3523770,6182108,2580855,4175879,5605976,4522800,940168,143008
2008:Q1,ageunder40,3782869,8004689,3570765,1002987,635835,1089432,715711,989959,4221819,3193075,1000802,27942
2008:Q2,age70plus,12993927,13700117,3629993,609631,2613477,1974666,1366756,3505595,706190,431295,110831,164064
2008:Q2,age55to69,26447081,29876354,7206868,1439304,5025838,7082569,3259801,5861974,3429273,2603335,548496,277442
2008:Q2,age40to54,19714988,25368808,7782735,1513252,3375894,6150940,2426937,4119050,5653819,4564825,952901,136093
2008:Q2,ageunder40,3553796,7668868,3425263,985621,599405,1090361,656158,912060,4115072,3083416,1008225,23431
2008:Q3,age70plus,12574192,13303032,3564011,632648,2284156,1962323,1368666,3491228,728840,414755,113360,200725
2008:Q3,age55to69,25913904,29427522,7066585,1451250,4379079,7070129,3229166,6231313,3513618,2620673,551000,341945
2008:Q3,age40to54,18793494,24494392,7557920,1514274,2926289,5961166,2326616,4208127,5700898,4560534,967179,173185
2008:Q3,ageunder40,3243551,7345687,3290630,978597,517689,1054407,627347,877016,4102137,3057916,1012274,31947
2008:Q4,age70plus,12350177,12992316,3533484,658887,1791985,1921840,1337186,3748934,642139,411861,114020,116258
2008:Q4,age55to69,24873886,28279400,6952611,1451592,3453518,7013689,3112150,6295840,3405513,2619753,548861,236899
2008:Q4,age40to54,17437537,23092517,7360796,1488409,2275483,5608363,2116823,4242643,5654980,4545523,972557,136900
2008:Q4,ageunder40,2942977,6976776,3100300,966369,404137,955203,559799,990968,4033799,3000123,1008350,25326
2009:Q1,age70plus,11901818,12510063,3480987,671384,1605498,1928600,1299031,3524563,608245,400175,110186,97884
2009:Q1,age55to69,24727542,28124015,6875350,1450587,3067020,7069050,2990270,6671738,3396473,2643810,535328,217335
2009:Q1,age40to54,16774084,22414227,7191273,1478177,2015021,5446307,1985487,4297961,5640143,4552409,956678,131056
2009:Q1,ageunder40,2519922,6497460,2880180,951132,353633,932101,521485,858929,3977538,2980633,975950,20955
2009:Q2,age70plus,12167343,12796814,3403096,666827,1969880,1976297,1218184,3562530,629471,427740,108829,92902
2009:Q2,age55to69,24927968,28324033,6789360,1452218,3705708,7271491,2804026,6301230,3396064,2644651,526240,225173
2009:Q2,age40to54,16947743,22614243,7021694,1494689,2450367,5638834,1798984,4209675,5666500,4566217,951818,148465
2009:Q2,ageunder40,2558733,6453151,2775135,934240,411149,1005169,449618,877840,3894418,2908205,961986,24227
2009:Q3,age70plus,12399561,13031811,3334487,656445,2338650,2037650,1171870,3492709,632251,424976,110725,96550
2009:Q3,age55to69,25879985,29297022,6740438,1451046,4347305,7480741,2689737,6587754,3417037,2650298,524799,241940
2009:Q3,age40to54,17376749,23055965,6894675,1510188,2884600,5850031,1689896,4226574,5679216,4554275,960762,164179
2009:Q3,ageunder40,2506697,6356198,2704370,913231,465907,1082066,403492,787132,3849501,2859900,962425,27176
2009:Q4,age70plus,12980029,13642277,3361259,670682,2427408,2073987,1165969,3942972,662248,452977,111787,97484
2009:Q4,age55to69,25481057,28902420,6701898,1457508,4469869,7603655,2656579,6012911,3421362,2646990,518340,256032
2009:Q4,age40to54,17248546,22953569,6795364,1519339,2962827,5918408,1667284,4090347,5705022,4557955,965425,181642
2009:Q4,ageunder40,2724420,6497236,2605664,912492,467191,1121041,388609,1002239,3772816,2783380,959465,29971
2010:Q1,age70plus,12957186,13653040,3371111,671706,2593448,2149623,1167066,3700086,695854,482114,108934,104806
2010:Q1,age55to69,26384934,29799269,6707602,1457104,4733157,7817655,2638909,6444842,3414335,2620359,499043,294933
2010:Q1,age40to54,17533725,23231245,6738197,1523183,3133508,6005515,1693533,4137308,5697520,4530302,951182,216036
2010:Q1,ageunder40,2668582,6320909,2554698,898710,482018,1168511,382748,834224,3652327,2677842,933898,40587
2010:Q2,age70plus,12786264,13522611,3394078,685173,2395016,2180344,1217606,3650394,736347,522779,109021,104547
2010:Q2,age55to69,26491144,29895373,6713685,1456538,4330963,7954800,2728647,6710741,3404229,2607779,489653,306797
2010:Q2,age40to54,17064543,22776056,6677097,1505895,2853357,5814143,1823362,4102202,5711513,4527488,951360,232665
2010:Q2,ageunder40,2601395,6156373,2494924,883202,432339,1143306,409523,793079,3554978,2585028,928419,41531
2010:Q3,age70plus,13265260,14019010,3380216,680115,2703765,2277819,1243557,3733538,753750,543032,112335,98383
2010:Q3,age55to69,27339091,30735183,6745330,1457198,4859189,8246051,2772091,6655323,3396092,2601362,488331,306399
2010:Q3,age40to54,17549020,23264345,6619915,1514442,3192244,5993644,1915130,4028969,5715324,4509253,964926,241145
2010:Q3,ageunder40,2710968,6200629,2386366,868526,471701,1217833,418773,837430,3489660,2511042,938134,40484
2010:Q4,age70plus,14061120,14838244,3392189,683774,2944041,2375276,1252651,4190314,777124,535819,123455,117850
2010:Q4,age55to69,27495254,30928906,6696107,1463700,5272135,8466049,2776841,6254073,3433652,2580773,519615,333264
2010:Q4,age40to54,17878234,23547266,6457353,1507565,3432219,6174773,1997775,3977581,5669032,4420486,1005912,242634
2010:Q4,ageunder40,2944021,6438951,2328792,880401,531663,1284655,439473,973967,3494930,2455202,997829,41899
2011:Q1,age70plus,14107489,14918811,3354396,691616,3158718,2422266,1257489,4034326,811322,556682,123550,131090
2011:Q1,age55to69,28209860,31666237,6630337,1481509,5642421,8593203,2764873,6553894,3456377,2587759,517475,351143
2011:Q1,age40to54,18059797,23685900,6263530,1505665,3635304,6262986,2059994,3958422,5626103,4388544,995193,242366
2011:Q1,ageunder40,3029440,6482480,2303446,889450,588295,1325895,459551,915843,3453040,2418777,992092,42171
2011:Q2,age70plus,14361621,15177798,3405715,711716,3162960,2451585,1259138,4186683,816176,558883,125791,131502
2011:Q2,age55to69,28350184,31825133,6598990,1498059,5628934,8693796,2757286,6648067,3474948,2596768,528656,349524
2011:Q2,age40to54,17930797,23498693,6123664,1491938,3583275,6245439,2111367,3943009,5567896,4339377,994847,233672
2011:Q2,ageunder40,3133146,6570929,2298024,907335,608655,1340200,473485,943230,3437783,2393674,1003783,40326
2011:Q3,age70plus,13923904,14732634,3340060,729170,2717690,2418149,1255248,4272317,808730,565966,130640,112124
2011:Q3,age55to69,28064960,31546744,6667298,1525869,4788543,8661845,2747630,7155559,3481784,2606949,541936,332899
2011:Q3,age40to54,17076986,22599325,6053025,1473663,3005248,5946406,2167551,3953432,5522339,4294246,1004042,224051
2011:Q3,ageunder40,2979112,6413450,2272309,901928,548253,1279831,482448,928682,3434338,2367412,1025557,41369
2011:Q4,age70plus,14621244,15425869,3355940,729829,2892959,2473454,1270045,4703642,804625,563434,135331,105860
2011:Q4,age55to69,28067782,31584429,6669781,1535315,5087857,8787411,2763870,6740195,3516648,2623203,559497,333948
2011:Q4,age40to54,17297228,22774416,5932467,1466934,3154366,6096331,2247154,3877163,5477188,4246121,1012356,218711
2011:Q4,ageunder40,3226490,6671866,2220468,912620,599582,1340090,508689,1090417,3445376,2352738,1049040,43598
2012:Q1,age70plus,14959548,15805305,3408248,737677,3262096,2557479,1281600,4558205,845757,591607,136050,118100
2012:Q1,age55to69,28988027,32516968,6627435,1546309,5745227,8996353,2772180,6829464,3528942,2620513,557758,350671
2012:Q1,age40to54,17758903,23184926,5775424,1461564,3520508,6299537,2286197,3841697,5426023,4203425,1002784,219814
2012:Q1,ageunder40,3397820,6791726,2183184,933490,687231,1417898,530653,1039270,3393907,2301728,1048459,43720
2012:Q2,age70plus,14878371,15725434,3434782,745100,3180127,2563834,1288642,4512948,847063,596538,140338,110187
2012:Q2,age55to69,29262716,32806557,6729880,1564057,5568530,9046260,2794728,7103102,3543842,2628032,572488,343322
2012:Q2,age40to54,17497180,22868027,5758157,1446273,3366673,6204702,2324759,3767464,5370847,4151306,1007930,211611
2012:Q2,ageunder40,3440881,6827597,2241027,933664,692809,1414070,541437,1004590,3386717,2273855,1069695,43167
2012:Q3,age70plus,15513579,16361096,3483693,744884,3387464,2619246,1316963,4808846,847517,580789,145605,121123
2012:Q3,age55to69,29836172,33438658,6861628,1578396,5928682,9199533,2863495,7006924,3602487,2649291,593361,359835
2012:Q3,age40to54,17874565,23194869,5773477,1439928,3539082,6299656,2420942,3721784,5320304,4096277,1016965,207062
2012:Q3,ageunder40,3666215,7075739,2277195,937526,751999,1461968,568159,1078892,3409524,2271317,1094505,43702
2012:Q4,age70plus,15782460,16668457,3539209,757031,3427778,2652803,1336326,4955310,885997,619713,152292,113992
2012:Q4,age55to69,30285866,33894473,6968786,1597675,5974926,9329193,2910871,7113022,3608607,2643097,605937,359573
2012:Q4,age40to54,17857608,23153033,5765226,1427758,3521006,6271038,2489236,3678769,5295425,4060916,1028250,206259
2012:Q4,ageunder40,3868313,7254091,2309720,945022,780545,1477259,588458,1153087,3385778,2213346,1126426,46006
2013:Q1,age70plus,16555159,17375018,3684410,760514,3836271,2785606,1353959,4954258,819859,544720,151461,123678
2013:Q1,age55to69,31270247,34959476,7109796,1608070,6709856,9619963,2947942,6963850,3689229,2691451,625992,371786
2013:Q1,age40to54,18550580,23743610,5808618,1422705,3907345,6478982,2561141,3564818,5193030,3984139,1016135,192756
2013:Q1,ageunder40,4159415,7592925,2400522,959665,877676,1559369,609534,1186159,3433510,2267776,1120216,45518
2013:Q2,age70plus,16632286,17459046,3784941,762160,3902860,2879219,1391560,4738306,826760,545720,155728,125312
2013:Q2,age55to69,31885196,35617105,7307944,1620291,6801604,9833937,3024601,7028728,3731909,2708353,644268,379288
2013:Q2,age40to54,18766071,23916428,5897501,1411863,3912259,6533693,2684746,3476366,5150356,3942692,1019244,188420
2013:Q2,ageunder40,4327682,7768116,2495150,961330,911347,1598360,646798,1155131,3440434,2253156,1140944,46334
2013:Q3,age70plus,17335740,18177242,3849895,759568,4119685,3015164,1437835,4995095,841502,549334,162568,129600
2013:Q3,age55to69,32665732,36453639,7535943,1638896,7171142,10167894,3119444,6820320,3787907,2737442,665527,384938
2013:Q3,age40to54,19250540,24383412,6007106,1411776,4078317,6671113,2826429,3388670,5132872,3918320,1032051,182501
2013:Q3,ageunder40,4685810,8153226,2605169,958696,972683,1662417,690601,1263660,3467416,2251182,1170145,46089
2013:Q4,age70plus,18083821,18998805,3965096,757601,4420201,3199921,1523470,5132516,914983,559730,169361,185892
2013:Q4,age55to69,33322736,37189161,7661262,1645655,7636652,10514948,3247639,6483004,3866425,2739606,673802,453017
2013:Q4,age40to54,19601546,24763485,6089308,1419805,4242554,6839918,2832575,3339325,5161939,3907300,1053851,200788
2013:Q4,ageunder40,4861494,8335912,2634966,956512,958476,1720219,698378,1367362,3474419,2230413,1193455,50551
2014:Q1,age70plus,18569991,19522742,4118034,769340,4711331,3286661,1578796,5058580,952751,583269,172680,196802
2014:Q1,age55to69,34407472,38252274,7747490,1647958,8081770,10690514,3300676,6783866,3844802,2727184,665884,451734
2014:Q1,age40to54,19745189,24901633,6147067,1410254,4393565,6793288,2756888,3400571,5156443,3894703,1063092,198648
2014:Q1,ageunder40,4834250,8269493,2643448,957457,942247,1713916,683291,1329134,3435243,2189262,1195204,50777
2014:Q2,age70plus,19208158,20216658,4245924,777666,5033284,3389764,1655925,5114095,1008500,611540,180698,216262
2014:Q2,age55to69,35284268,39142092,7897555,1659590,8579973,10867069,3406035,6731870,3857823,2719838,672615,465370
2014:Q2,age40to54,19982821,25165609,6260477,1415648,4572960,6824825,2708378,3383321,5182788,3893125,1087896,201767
2014:Q2,ageunder40,4880777,8309039,2659364,956458,930997,1728553,681116,1352551,3428262,2152856,1222801,52605
2014:Q3,age70plus,19423034,20444777,4403817,796375,5027115,3453525,1749652,5014293,1021743,636648,190088,195007
2014:Q3,age55to69,35850818,39667028,8015194,1670819,8458255,10949847,3561481,7011432,3816210,2719799,680713,415698
2014:Q3,age40to54,19851607,25052235,6353557,1413123,4414467,6739823,2716608,3414656,5200628,3897729,1118466,184433
2014:Q3,ageunder40,4771035,8203108,2674524,959528,865627,1708528,687347,1307554,3432073,2126916,1253708,51449
2014:Q4,age70plus,20303797,21356247,4558743,808203,5269561,3550412,1843960,5325368,1052450,657277,197956,197217
2014:Q4,age55to69,36417557,40231626,8080496,1674929,8798383,11077320,3715625,6884873,3814068,2721766,689356,402946
2014:Q4,age40to54,19975442,25198460,6401933,1412684,4510068,6757312,2717980,3398483,5223017,3901855,1142582,178580
2014:Q4,ageunder40,4862074,8301225,2670472,963511,842432,1717790,694128,1412892,3439150,2106359,1279646,53145
2015:Q1,age70plus,20825689,21898885,4715440,826936,5493809,3647955,1936288,5278457,1073196,668958,200212,204026
2015:Q1,age55to69,37445340,41236615,8173737,1683849,9100973,11264043,3848752,7165261,3791275,2713188,682816,395271
2015:Q1,age40to54,20132802,25343778,6478425,1409405,4585591,6701133,2708609,3460616,5210976,3889284,1147961,173731
2015:Q1,ageunder40,4860193,8271363,2680593,965865,816751,1707715,703131,1397308,3411170,2080031,1276119,55020
2015:Q2,age70plus,21105556,22217027,4891579,855700,5591456,3726584,2017445,5134263,1111471,683008,208145,220318
2015:Q2,age55to69,37963794,41786403,8296016,1703164,9163251,11383827,3968009,7272136,3822609,2726377,694716,401516
2015:Q2,age40to54,20026560,25272305,6586511,1412203,4536397,6609679,2690124,3437391,5245745,3901525,1172169,172051
2015:Q2,ageunder40,4761529,8199287,2700934,973895,772596,1686942,701248,1363673,3437758,2076939,1302733,58086
2015:Q3,age70plus,20985215,22112052,4974185,879372,5264448,3747252,2092005,5154790,1126837,700697,217833,208307
2015:Q3,age55to69,37962525,41770176,8468646,1724488,8446442,11414001,4070880,7645719,3807652,2738843,707405,361404
2015:Q3,age40to54,19371168,24647392,6718603,1407337,4088557,6330566,2655269,3447060,5276224,3916621,1202772,156831
2015:Q3,ageunder40,4558363,8025957,2741747,963146,668646,1612635,694830,1344953,3467595,2073097,1335119,59379
2015:Q4,age70plus,21810804,22973462,5075639,886197,5525566,3856699,2162782,5466579,1162658,728613,214588,219457
2015:Q4,age55to69,38290726,42099045,8586313,1738724,8802070,11540447,4163207,7268284,3808319,2753380,690211,364728
2015:Q4,age40to54,19547987,24833592,6808957,1421296,4200196,6396786,2616858,3389498,5285605,3942081,1187022,156502
2015:Q4,ageunder40,4736051,8180032,2770161,960817,652429,1636915,687341,1472370,3443982,2068772,1308401,66809
2016:Q1,age70plus,22210062,23391569,5234903,911988,5683881,3956864,2204019,5399914,1181507,738788,217944,224775
2016:Q1,age55to69,39138390,42924890,8654835,1753284,8965420,11699253,4219956,7632143,3786500,2750734,687933,347833
2016:Q1,age40to54,19540885,24821776,6870537,1423580,4214280,6341122,2507464,3464793,5280891,3937444,1194976,148471
2016:Q1,ageunder40,4647650,8085338,2774376,968297,622313,1629542,654635,1436175,3437689,2056115,1311388,70186
2016:Q2,age70plus,22712093,23929883,5491560,941187,5899397,4065315,2273714,5258710,1217790,751012,225354,241424
2016:Q2,age55to69,39952432,43763945,8765744,1762479,9229860,11857940,4340105,7807817,3811513,2766969,699233,345311
2016:Q2,age40to54,19600774,24913492,6991335,1423010,4279049,6316285,2443528,3460285,5312717,3953205,1215866,143646
2016:Q2,ageunder40,4556857,8030004,2804285,982708,600703,1630259,640892,1371158,3473147,2063905,1336368,72874
2016:Q3,age70plus,23304387,24570588,5543452,942846,6130498,4192356,2363942,5397494,1266201,772006,235027,259168
2016:Q3,age55to69,40759851,44605236,8988250,1781137,9515904,12039859,4491233,7788853,3845384,2785887,712165,347332
2016:Q3,age40to54,19805869,25169761,7158078,1437843,4354495,6332802,2413700,3472843,5363892,3978042,1244378,141472
2016:Q3,ageunder40,4605917,8126090,2867168,969462,581517,1644261,645148,1418534,3520174,2072859,1370064,77251
2016:Q4,age70plus,23663752,24939765,5609250,952623,6178237,4207518,2343104,5649033,1276014,787949,245077,242988
2016:Q4,age55to69,40602916,44453016,9124606,1788531,9610753,12030999,4507801,7390326,3850099,2775893,730281,343925
2016:Q4,age40to54,20134434,25512021,7287127,1455857,4435247,6400807,2473854,3459128,5377587,3979138,1259234,139215
2016:Q4,ageunder40,4722839,8314418,2954057,965496,588999,1678269,643013,1484583,3591578,2115841,1401844,73893
2017:Q1,age70plus,24124047,25419279,5730586,969612,6483676,4285832,2322377,5627196,1295233,810911,248408,235914
2017:Q1,age55to69,41529564,45373301,9229235,1797929,10158752,12178213,4491692,7517480,3843736,2761590,729017,353129
2017:Q1,age40to54,20961458,26335338,7404112,1478312,4741872,6567877,2572045,3571120,5373879,3980732,1251594,141553
2017:Q1,ageunder40,4859076,8483312,3039133,973123,629964,1746902,646751,1447438,3624236,2153094,1401397,69745
2017:Q2,age70plus,24429089,25752890,5823157,979975,6646348,4349309,2339140,5614962,1323802,834830,256812,232160
2017:Q2,age55to69,42138419,46009384,9409372,1800133,10448648,12314442,4564298,7472490,3870965,2753199,740935,376831
2017:Q2,age40to54,21533546,26928582,7567258,1491577,4921602,6656173,2729944,3562027,5395037,3988132,1258888,148017
2017:Q2,ageunder40,4919578,8615015,3110558,970966,653194,1795416,673055,1411827,3695437,2197812,1426080,71545
2017:Q3,age70plus,24824937,26170468,5905712,984029,6833789,4419803,2344646,5682490,1345531,856749,266579,222203
2017:Q3,age55to69,42740226,46626916,9580899,1800372,10783400,12438723,4614093,7409429,3886690,2749632,755060,381998
2017:Q3,age40to54,22181803,27599719,7724589,1507107,5122737,6785702,2861607,3597978,5417916,3998173,1271094,148649
2017:Q3,ageunder40,5035351,8810838,3206943,966761,680451,1855872,691990,1408821,3775488,2250652,1456480,68356
2017:Q4,age70plus,25518602,26901092,5957379,989240,7156832,4495053,2363198,5939390,1382490,876670,277730,228090
2017:Q4,age55to69,43480062,47412153,9722005,1809769,11354794,12529002,4684367,7312216,3932091,2743643,773073,415375
2017:Q4,age40to54,23035378,28481926,7852444,1533707,5441526,6972284,3031050,3650915,5446547,4003928,1285356,157263
2017:Q4,ageunder40,5251089,9118772,3307276,966904,726304,1935245,722674,1460369,3867683,2304552,1494593,68538
2018:Q1,age70plus,25614697,27022792,6107808,1017774,7137468,4513115,2338038,5908589,1408095,904799,280933,222363
2018:Q1,age55to69,44073706,47993634,9894211,1820106,11306858,12573310,4676072,7723077,3919928,2721768,767920,430240
2018:Q1,age40to54,23431204,28866561,8030169,1543201,5455631,6927899,3126957,3782704,5435358,3999211,1274559,161588
2018:Q1,ageunder40,5322203,9226665,3443176,973055,727738,1950572,724221,1407903,3904462,2340172,1496462,67828
2018:Q2,age70plus,25925127,27357749,6180981,1038253,7230638,4563918,2359623,5984336,1432622,933549,288471,210602
2018:Q2,age55to69,44540983,48476030,10029374,1832499,11452176,12621557,4765317,7775108,3935047,2713947,774798,446302
2018:Q2,age40to54,23912579,29360530,8144807,1563762,5566693,7008350,3280740,3796177,5447952,4007355,1275088,165509
2018:Q2,ageunder40,5394430,9378413,3503359,981158,744704,2006300,757601,1385291,3983984,2392992,1519799,71193
2018:Q3,age70plus,26444200,27904817,6254463,1044922,7510065,4634664,2325290,6135414,1460617,958455,299458,202704
2018:Q3,age55to69,45175445,49131147,10137901,1837491,11928330,12636306,4750610,7840509,3955702,2711172,789167,455363
2018:Q3,age40to54,24576241,30047495,8242783,1589653,5838718,7219304,3340297,3816740,5471254,4016884,1286844,167526
2018:Q3,ageunder40,5488396,9573591,3580493,989348,787635,2101184,750236,1364695,4085196,2456624,1559112,69460
2018:Q4,age70plus,25461166,26932874,6265537,1098517,6539886,4526874,2306274,6195787,1471709,979957,310248,181504
2018:Q4,age55to69,43906815,47870496,10236411,1856659,10187378,12579118,4764068,8246862,3963681,2697280,802689,463712
2018:Q4,age40to54,23468910,28943875,8324292,1573587,5027554,6719077,3416733,3882632,5474965,4012805,1295125,167035
2018:Q4,ageunder40,5253244,9439227,3681258,983940,664455,1987848,756539,1365187,4185983,2513874,1598979,73130
2019:Q1,age70plus,27122092,28598661,6504223,1110811,7516246,4694457,2305257,6467667,1476569,995384,312649,168536
2019:Q1,age55to69,45772277,49703228,10289841,1851721,11875351,12759148,4795799,8131369,3930952,2674214,797914,458824
2019:Q1,age40to54,25089908,30532272,8425026,1601568,5892945,7117589,3535319,3959825,5442364,3995479,1280143,166742
2019:Q1,ageunder40,5694297,9935159,3791418,1013204,802109,2151275,779108,1398044,4240862,2568567,1603763,68532
2019:Q2,age70plus,27794759,29289028,6617871,1135161,7753559,4787219,2330054,6665164,1494270,1006678,321329,166263
2019:Q2,age55to69,46476718,50442287,10383263,1859257,12260852,12874512,4877126,8187277,3965570,2668737,810473,486360
2019:Q2,age40to54,25715955,31159633,8511347,1619965,6118470,7251234,3678669,3979947,5443678,3991482,1281297,170899
2019:Q2,ageunder40,5839175,10199324,3862140,1031226,842966,2236460,817144,1409388,4360149,2649972,1638947,71230
2019:Q3,age70plus,27844830,29361863,6568501,1147449,7717357,4843353,2345793,6739410,1517033,1027983,331792,157258
2019:Q3,age55to69,46618332,50597459,10534070,1875192,12169849,12937854,4935777,8144718,3979127,2662994,822341,493792
2019:Q3,age40to54,26031287,31482938,8601584,1639723,6108541,7297084,3806549,4029457,5451651,3992021,1287769,171861
2019:Q3,ageunder40,5901446,10383035,3953390,1029813,847864,2294156,847959,1409854,4481590,2729883,1682247,69460
2019:Q4,age70plus,28944521,30499605,6632030,1139810,8312748,4986150,2368307,7060560,1555084,1050521,341493,163070
2019:Q4,age55to69,48014812,52048066,10690173,1892697,13127318,13038774,4968270,8330835,4033255,2686338,836594,510323
2019:Q4,age40to54,26901599,32374133,8656055,1662043,6519290,7575420,3795174,4166151,5472534,3997647,1299959,174928
2019:Q4,ageunder40,6138176,10672317,4014826,1035993,922166,2393810,838461,1467061,4534142,2746646,1714146,73350
2020:Q1,age70plus,27407885,28991827,6762142,1205354,6633330,4806301,2407025,7177676,1583943,1071976,339275,172692
2020:Q1,age55to69,45638994,49717235,10901551,1915180,10218123,12970889,5022951,8688542,4078242,2707950,827433,542859
2020:Q1,age40to54,24947097,30423975,8811807,1615132,5083533,6829047,3822095,4262361,5476878,4011386,1287971,177521
2020:Q1,ageunder40,5847290,10369509,4148860,1023048,689088,2144811,845377,1518326,4522219,2750255,1693142,78822
2020:Q2,age70plus,29434556,31040825,6894124,1164948,7938277,5042451,2437887,7563138,1606269,1106020,336676,163573
2020:Q2,age55to69,48567787,52655128,11114670,1920155,12506982,13246072,5114590,8752659,4087341,2739755,817922,529664
2020:Q2,age40to54,27129472,32622412,8991655,1652041,6145216,7425377,3849708,4558415,5492940,4039795,1276073,177072
2020:Q2,ageunder40,6515233,10996882,4319323,1023517,859798,2325905,847659,1620681,4481650,2737106,1666600,77944
2020:Q3,age70plus,30596496,32277039,7055835,1211682,8675337,5195947,2479082,7659157,1680543,1144490,344174,191879
2020:Q3,age55to69,50123000,54293218,11347366,1994041,13723178,13374166,5217602,8636865,4170218,2788258,827100,554860
2020:Q3,age40to54,28306091,33879686,9195146,1713947,6713891,7716655,3936576,4603471,5573595,4096335,1292083,185177
2020:Q3,ageunder40,6856648,11364224,4449297,1058106,948881,2410329,854379,1643231,4507576,2751614,1679326,76636
2020:Q4,age70plus,32834528,34595957,7276791,1214180,9916622,5443005,2563754,8181605,1761429,1181865,351943,227621
2020:Q4,age55to69,52990619,57252694,11638715,2024893,15735036,13592360,5370643,8891047,4262075,2823588,834665,603822
2020:Q4,age40to54,30367439,36023723,9469443,1767253,7679230,8205900,4061479,4840418,5656284,4150849,1306245,199190
2020:Q4,ageunder40,7428357,11964428,4604126,1074689,1101896,2557055,884963,1741698,4536071,2763383,1692074,80614
2021:Q1,age70plus,34294145,36153121,7615662,1256796,10735647,5533092,2616902,8395022,1858975,1244369,354511,260095
2021:Q1,age55to69,54688772,59006697,11991076,2081441,17043949,13575447,5482639,8832145,4317925,2848519,823877,645529
2021:Q1,age40to54,31888096,37620532,9794452,1820547,8294451,8469259,4176492,5065330,5732436,4209017,1308171,215248
2021:Q1,ageunder40,7942285,12445347,4777797,1108292,1195228,2620421,894467,1849141,4503062,2740405,1680661,81996
2021:Q2,age70plus,35758074,37647858,7929987,1353213,11575436,5661940,2703908,8423374,1889784,1260164,362577,267043
2021:Q2,age55to69,56808368,61226196,12488350,2213704,18511379,13657176,5728362,8627225,4417828,2914300,846303,657225
2021:Q2,age40to54,33803057,39651914,10230668,1931962,9016243,8885143,4421777,5166121,5848856,4294226,1336556,218074
2021:Q2,ageunder40,8364131,12959869,4900659,1190037,1306371,2737742,937189,1887870,4595738,2798115,1714166,83457
2021:Q3,age70plus,36361756,38267260,8202332,1437080,11546324,5688843,2806775,8585906,1905504,1275554,370109,259841
2021:Q3,age55to69,57589422,62091904,12985827,2304851,18403412,13668604,5970601,8758609,4502482,2980372,865746,656364
2021:Q3,age40to54,34446604,40387051,10621197,1989331,8973992,8916687,4657501,5228343,5940448,4367554,1358849,214045
2021:Q3,ageunder40,8493504,13201735,5003124,1242812,1301604,2752785,992506,1908904,4708230,2873515,1748549,86166
